Workbook

Sheet Instructions
A1: Construction Material Test Documentation Framework
A2: Digital artefact for slump test and compressive strength test documentation - case study: Nigeria
A4: This workbook is the artefact for the dissertation "A Framework for Digitalising the Documentation of Construction Material Test Results in Nigeria: The Case of Slump and Compressive Strength Testing". It replaces paper logbooks and standalone Excel sheets with a single, structured, traceable spreadsheet system covering sample registration, slump testing, curing, compressive strength testing, and reporting. The sheets below are populated with data drawn from realistic Nigerian construction projects, so the workflow can be demonstrated end-to-end.
A6: Section | B6: Purpose
A7: How to use this workbook
A8: 1. Sample Registration | B8: Every concrete batch is registered here first. Each sample has a unique ID that all other sheets refer to.
A9: 2. Slump Test | B9: Fresh-concrete slump results at the point of testing, linked to a ID.
A10: 3. Curing & Compressive Strength | B10: The 7 / 14 / 21 / 28-day curing cycle, with load and cross-sectional area entered and compressive strength calculated automatically.
A11: 4. Reporting & Traceability | B11: A live summary and non-conformance log drawn automatically from the three data sheets.
A12: 5. Dropdown lists | B12: The Lists sheet holds the fixed values used in dropdown menus (roles, concrete grades, curing ages, status). Edit it only if these categories change.
A13: Colour / formatting key
A14: Grey header row | B14: Column headers - do not edit.
A15: White (unshaded) cell | B15: Data entry field.
A16: Bold black text | B16: Calculated field - do not overwrite; formula updates automatically.
A17: Light grey shaded rows | B17: Populated data - edit or replace with data if needed.
A19: Legend
B20: Header row / section divider (grey fill)
B21: Populated data row (very light grey fill)
A22: Bold text | B22: Automatically calculated - do not type over

Sheet Lists
A1: Role | B1: Concrete Grade | C1: Test Status | D1: Curing Age (days)
A2: Lab Technician | B2: Grade 10 | C2: Scheduled | D2: 7
A3: Site Engineer | B3: Grade 20 | C3: In Progress | D3: 14
A4: Project Manager | B4: Grade 25 | C4: Completed | D4: 21
B5: Grade 30 | C5: Non-Conforming | D5: 28
B6: Grade 35
B7: Grade 40
A10: Reference lists used for dropdown menus on the data-entry sheets. Edit values here to update every dropdown at once.

Sheet Registration
A1: Registration
A2: Every concrete batch is registered here and given a unique ID used across all other sheets.
A4: Sample ID | B4: Project Name | C4: Batch No. | D4: Mixer ID | E4: Casting Date | F4: Concrete Grade | G4: Registered By | H4: Role | I4: Notes
A5: SMP-0001 | B5: Lagos-Ibadan Expressway Rehabilitation | C5: B-001 | D5: MX-01 | E5: 2026-08-01 | F5: Grade 20 | G5: User 1 | H5: Lab Technician | I5: Routine batch check
A6: SMP-0002 | B6: Abuja Light Rail Extension | C6: B-002 | D6: MX-02 | E6: 2026-08-02 | F6: Grade 25 | G6: User 2 | H6: Lab Technician | I6: First pour of the week
A7: SMP-0003 | B7: Port Harcourt Housing Estate | C7: B-003 | D7: MX-03 | E7: 2026-08-03 | F7: Grade 30 | G7: User 3 | H7: Site Engineer | I7: Client witness present
A8: SMP-0004 | B8: Kano Ring Road Upgrade | C8: B-004 | D8: MX-04 | E8: 2026-08-04 | F8: Grade 25 | G8: User 4 | H8: Lab Technician | I8: Rain delay - poured mid-morning
A9: SMP-0005 | B9: Enugu Flyover Bridge | C9: B-005 | D9: MX-01 | E9: 2026-08-05 | F9: Grade 20 | G9: User 5 | H9: Project Manager | I9: Re-test scheduled after mix adjustment
A10: SMP-0006 | B10: Kaduna Industrial Layout | C10: B-006 | D10: MX-02 | E10: 2026-08-06 | F10: Grade 35 | G10: User 6 | H10: Site Engineer | I10: Standard delivery
A11: SMP-0007 | B11: Ibadan-Ogbomoso Highway | C11: B-007 | D11: MX-03 | E11: 2026-08-07 | F11: Grade 25 | G11: User 7 | H11: Lab Technician | I11: New mixer commissioned
A12: SMP-0008 | B12: Onitsha Market Complex | C12: B-008 | D12: MX-04 | E12: 2026-08-08 | F12: Grade 30 | G12: User 8 | H12: Site Engineer | I12: Weekend pour
A13: SMP-0009 | B13: Benin City Drainage Project | C13: B-009 | D13: MX-01 | E13: 2026-08-09 | F13: Grade 20 | G13: User 9 | H13: Lab Technician | I13: Site engineer inspection
A14: SMP-0010 | B14: Warri Refinery Access Road | C14: B-010 | D14: MX-02 | E14: 2026-08-10 | F14: Grade 25 | G14: User 10 | H14: Project Manager | I14: Quarterly compliance sample
A15: SMP-0011 | B15: Abeokuta Water Treatment Plant | C15: B-011 | D15: MX-03 | E15: 2026-08-11 | F15: Grade 30 | G15: User 1 | H15: Lab Technician | I15: Routine batch check
... A24: SMP-0020 | B24: Zaria Teaching Hospital Annex | C24: B-020 | D24: MX-04 | E24: 2026-08-20 | F24: Grade 25 | G24: User 10 | H24: Project Manager | I24: Quarterly compliance sample

Sheet Slump Test
A1: Slump Test
A2: Fresh-concrete workability results, linked to a registered ID.
A4: Sample ID | B4: Test Date | C4: Concrete Grade | D4: Slump (mm) | E4: Acceptance Limit (mm) | F4: Within Limit? | G4: Tested By | H4: Witnessed By | I4: Notes
A5: SMP-0001 | B5: 2026-08-01 | C5: Grade 20 | D5: 72 | E5: 90 | F5: =IF(D5="","",IF(D5<=E5,"Yes","No - Non-Conforming")) -> Yes | G5: User 1 | H5: Witness 1 | I5: Within acceptable range
A6: SMP-0002 | B6: 2026-08-02 | C6: Grade 25 | D6: 80 | E6: 90 | F6: =IF(D6="","",IF(D6<=E6,"Yes","No - Non-Conforming")) -> Yes | G6: User 2 | H6: Witness 2 | I6: Within acceptable range
A7: SMP-0003 | B7: 2026-08-03 | C7: Grade 30 | D7: 68 | E7: 100 | F7: =IF(D7="","",IF(D7<=E7,"Yes","No - Non-Conforming")) -> Yes | G7: User 3 | H7: Witness 3 | I7: Within acceptable range
A8: SMP-0004 | B8: 2026-08-04 | C8: Grade 25 | D8: 95 | E8: 90 | F8: =IF(D8="","",IF(D8<=E8,"Yes","No - Non-Conforming")) -> No - Non-Conforming | G8: User 4 | H8: Witness 4 | I8: Mix adjusted for re-pour
A9: SMP-0005 | B9: 2026-08-05 | C9: Grade 20 | D9: 60 | E9: 90 | F9: =IF(D9="","",IF(D9<=E9,"Yes","No - Non-Conforming")) -> Yes | G9: User 5 | H9: Witness 5 | I9: Within acceptable range
A10: SMP-0006 | B10: 2026-08-06 | C10: Grade 35 | D10: 85 | E10: 100 | F10: =IF(D10="","",IF(D10<=E10,"Yes","No - Non-Conforming")) -> Yes | G10: User 6 | H10: Witness 6 | I10: Within acceptable range
A11: SMP-0007 | B11: 2026-08-07 | C11: Grade 25 | D11: 78 | E11: 90 | F11: =IF(D11="","",IF(D11<=E11,"Yes","No - Non-Conforming")) -> Yes | G11: User 7 | H11: Witness 7 | I11: Within acceptable range
A12: SMP-0008 | B12: 2026-08-08 | C12: Grade 30 | D12: 92 | E12: 100 | F12: =IF(D12="","",IF(D12<=E12,"Yes","No - Non-Conforming")) -> Yes | G12: User 8 | H12: Witness 8 | I12: Within acceptable range
A13: SMP-0009 | B13: 2026-08-09 | C13: Grade 20 | D13: 65 | E13: 90 | F13: =IF(D13="","",IF(D13<=E13,"Yes","No - Non-Conforming")) -> Yes | G13: User 9 | H13: Witness 9 | I13: Within acceptable range
A14: SMP-0010 | B14: 2026-08-10 | C14: Grade 25 | D14: 70 | E14: 90 | F14: =IF(D14="","",IF(D14<=E14,"Yes","No - Non-Conforming")) -> Yes | G14: User 10 | H14: Witness 10 | I14: Within acceptable range
A15: SMP-0011 | B15: 2026-08-11 | C15: Grade 30 | D15: 88 | E15: 100 | F15: =IF(D15="","",IF(D15<=E15,"Yes","No - Non-Conforming")) -> Yes | G15: User 1 | H15: Witness 1 | I15: Within acceptable range
A16: SMP-0012 | B16: 2026-08-12 | C16: Grade 25 | D16: 82 | E16: 90 | F16: =IF(D16="","",IF(D16<=E16,"Yes","No - Non-Conforming")) -> Yes | G16: User 2 | H16: Witness 2 | I16: Within acceptable range
... A24: SMP-0020 | B24: 2026-08-20 | C24: Grade 25 | D24: 91 | E24: 90 | F24: =IF(D24="","",IF(D24<=E24,"Yes","No - Non-Conforming")) -> No - Non-Conforming | G24: User 10 | H24: Witness 10 | I24: Mix adjusted for re-pour
F25: =IF(D25="","",IF(D25<=E25,"Yes","No - Non-Conforming"))
F26: =IF(D26="","",IF(D26<=E26,"Yes","No - Non-Conforming"))
F27: =IF(D27="","",IF(D27<=E27,"Yes","No - Non-Conforming"))
F28: =IF(D28="","",IF(D28<=E28,"Yes","No - Non-Conforming"))
F29: =IF(D29="","",IF(D29<=E29,"Yes","No - Non-Conforming"))
F30: =IF(D30="","",IF(D30<=E30,"Yes","No - Non-Conforming"))
F31: =IF(D31="","",IF(D31<=E31,"Yes","No - Non-Conforming"))
F32: =IF(D32="","",IF(D32<=E32,"Yes","No - Non-Conforming"))
F33: =IF(D33="","",IF(D33<=E33,"Yes","No - Non-Conforming"))
F34: =IF(D34="","",IF(D34<=E34,"Yes","No - Non-Conforming"))

Sheet Curing and Strength
A1: Curing and Compressive Strength
A2: 7 / 14 / 21 / 28-day curing schedule with automatic compressive-strength calculation.
A4: Sample ID | B4: Casting Date | C4: Curing Age (days) | D4: Test Date | E4: Cube Ref. | F4: Load (kN) | G4: Cross-Sec. Area (mm2) | H4: Compressive Strength (N/mm2) | I4: Acceptance Limit (N/mm2) | J4: Result | K4: Tested By
A5: SMP-0001 | B5: 2026-08-01 | C5: 7 | D5: 2026-08-08 | E5: CB-001-1 | F5: 279 | G5: 22500 | H5: =IF(OR(F5="",G5="",G5=0),"",ROUND((F5*1000)/G5,2)) -> 12.4 | I5: 20 | J5: =IF(OR(H5="",I5=""),"",IF(C5<28,"In Progress",IF(H5>=I5,"Pass","Fail - Non-Conforming"))) -> In Progress | K5: User 1
A6: SMP-0001 | B6: 2026-08-01 | C6: 14 | D6: 2026-08-15 | E6: CB-001-2 | F6: 369 | G6: 22500 | H6: =IF(OR(F6="",G6="",G6=0),"",ROUND((F6*1000)/G6,2)) -> 16.4 | I6: 20 | J6: =IF(OR(H6="",I6=""),"",IF(C6<28,"In Progress",IF(H6>=I6,"Pass","Fail - Non-Conforming"))) -> In Progress | K6: User 1
A7: SMP-0001 | B7: 2026-08-01 | C7: 21 | D7: 2026-08-22 | E7: CB-001-3 | F7: 418.5 | G7: 22500 | H7: =IF(OR(F7="",G7="",G7=0),"",ROUND((F7*1000)/G7,2)) -> 18.6 | I7: 20 | J7: =IF(OR(H7="",I7=""),"",IF(C7<28,"In Progress",IF(H7>=I7,"Pass","Fail - Non-Conforming"))) -> In Progress | K7: User 1
A8: SMP-0001 | B8: 2026-08-01 | C8: 28 | D8: 2026-08-29 | E8: CB-001-4 | F8: 459 | G8: 22500 | H8: =IF(OR(F8="",G8="",G8=0),"",ROUND((F8*1000)/G8,2)) -> 20.4 | I8: 20 | J8: =IF(OR(H8="",I8=""),"",IF(C8<28,"In Progress",IF(H8>=I8,"Pass","Fail - Non-Conforming"))) -> Pass | K8: User 1
A9: SMP-0002 | B9: 2026-08-02 | C9: 7 | D9: 2026-08-09 | E9: CB-002-1 | F9: 348.8 | G9: 22500 | H9: =IF(OR(F9="",G9="",G9=0),"",ROUND((F9*1000)/G9,2)) -> 15.5 | I9: 25 | J9: =IF(OR(H9="",I9=""),"",IF(C9<28,"In Progress",IF(H9>=I9,"Pass","Fail - Non-Conforming"))) -> In Progress | K9: User 2
A10: SMP-0002 | B10: 2026-08-02 | C10: 14 | D10: 2026-08-16 | E10: CB-002-2 | F10: 461.2 | G10: 22500 | H10: =IF(OR(F10="",G10="",G10=0),"",ROUND((F10*1000)/G10,2)) -> 20.5 | I10: 25 | J10: =IF(OR(H10="",I10=""),"",IF(C10<28,"In Progress",IF(H10>=I10,"Pass","Fail - Non-Conforming"))) -> In Progress | K10: User 2
A11: SMP-0002 | B11: 2026-08-02 | C11: 21 | D11: 2026-08-23 | E11: CB-002-3 | F11: 523.1 | G11: 22500 | H11: =IF(OR(F11="",G11="",G11=0),"",ROUND((F11*1000)/G11,2)) -> 23.25 | I11: 25 | J11: =IF(OR(H11="",I11=""),"",IF(C11<28,"In Progress",IF(H11>=I11,"Pass","Fail - Non-Conforming"))) -> In Progress | K11: User 2
A12: SMP-0002 | B12: 2026-08-02 | C12: 28 | D12: 2026-08-30 | E12: CB-002-4 | F12: 573.8 | G12: 22500 | H12: =IF(OR(F12="",G12="",G12=0),"",ROUND((F12*1000)/G12,2)) -> 25.5 | I12: 25 | J12: =IF(OR(H12="",I12=""),"",IF(C12<28,"In Progress",IF(H12>=I12,"Pass","Fail - Non-Conforming"))) -> Pass | K12: User 2
A13: SMP-0003 | B13: 2026-08-03 | C13: 7 | D13: 2026-08-10 | E13: CB-003-1 | F13: 418.5 | G13: 22500 | H13: =IF(OR(F13="",G13="",G13=0),"",ROUND((F13*1000)/G13,2)) -> 18.6 | I13: 30 | J13: =IF(OR(H13="",I13=""),"",IF(C13<28,"In Progress",IF(H13>=I13,"Pass","Fail - Non-Conforming"))) -> In Progress | K13: User 3
A14: SMP-0003 | B14: 2026-08-03 | C14: 14 | D14: 2026-08-17 | E14: CB-003-2 | F14: 553.5 | G14: 22500 | H14: =IF(OR(F14="",G14="",G14=0),"",ROUND((F14*1000)/G14,2)) -> 24.6 | I14: 30 | J14: =IF(OR(H14="",I14=""),"",IF(C14<28,"In Progress",IF(H14>=I14,"Pass","Fail - Non-Conforming"))) -> In Progress | K14: User 3
A15: SMP-0003 | B15: 2026-08-03 | C15: 21 | D15: 2026-08-24 | E15: CB-003-3 | F15: 627.8 | G15: 22500 | H15: =IF(OR(F15="",G15="",G15=0),"",ROUND((F15*1000)/G15,2)) -> 27.9 | I15: 30 | J15: =IF(OR(H15="",I15=""),"",IF(C15<28,"In Progress",IF(H15>=I15,"Pass","Fail - Non-Conforming"))) -> In Progress | K15: User 3
A16: SMP-0003 | B16: 2026-08-03 | C16: 28 | D16: 2026-08-31 | E16: CB-003-4 | F16: 688.5 | G16: 22500 | H16: =IF(OR(F16="",G16="",G16=0),"",ROUND((F16*1000)/G16,2)) -> 30.6 | I16: 30 | J16: =IF(OR(H16="",I16=""),"",IF(C16<28,"In Progress",IF(H16>=I16,"Pass","Fail - Non-Conforming"))) -> Pass | K16: User 3
... A42: SMP-0020 | B42: 2026-08-20 | C42: 28 | D42: 2026-09-17 | E42: CB-020-1 | F42: 573.8 | G42: 22500 | H42: =IF(OR(F42="",G42="",G42=0),"",ROUND((F42*1000)/G42,2)) -> 25.5 | I42: 25 | J42: =IF(OR(H42="",I42=""),"",IF(C42<28,"In Progress",IF(H42>=I42,"Pass","Fail - Non-Conforming"))) -> Pass | K42: User 10
H43: =IF(OR(F43="",G43="",G43=0),"",ROUND((F43*1000)/G43,2)) | J43: =IF(OR(H43="",I43=""),"",IF(C43<28,"In Progress",IF(H43>=I43,"Pass","Fail - Non-Conforming")))
H44: =IF(OR(F44="",G44="",G44=0),"",ROUND((F44*1000)/G44,2)) | J44: =IF(OR(H44="",I44=""),"",IF(C44<28,"In Progress",IF(H44>=I44,"Pass","Fail - Non-Conforming")))
H45: =IF(OR(F45="",G45="",G45=0),"",ROUND((F45*1000)/G45,2)) | J45: =IF(OR(H45="",I45=""),"",IF(C45<28,"In Progress",IF(H45>=I45,"Pass","Fail - Non-Conforming")))
H46: =IF(OR(F46="",G46="",G46=0),"",ROUND((F46*1000)/G46,2)) | J46: =IF(OR(H46="",I46=""),"",IF(C46<28,"In Progress",IF(H46>=I46,"Pass","Fail - Non-Conforming")))
H47: =IF(OR(F47="",G47="",G47=0),"",ROUND((F47*1000)/G47,2)) | J47: =IF(OR(H47="",I47=""),"",IF(C47<28,"In Progress",IF(H47>=I47,"Pass","Fail - Non-Conforming")))
H48: =IF(OR(F48="",G48="",G48=0),"",ROUND((F48*1000)/G48,2)) | J48: =IF(OR(H48="",I48=""),"",IF(C48<28,"In Progress",IF(H48>=I48,"Pass","Fail - Non-Conforming")))
H49: =IF(OR(F49="",G49="",G49=0),"",ROUND((F49*1000)/G49,2)) | J49: =IF(OR(H49="",I49=""),"",IF(C49<28,"In Progress",IF(H49>=I49,"Pass","Fail - Non-Conforming")))
H50: =IF(OR(F50="",G50="",G50=0),"",ROUND((F50*1000)/G50,2)) | J50: =IF(OR(H50="",I50=""),"",IF(C50<28,"In Progress",IF(H50>=I50,"Pass","Fail - Non-Conforming")))
H51: =IF(OR(F51="",G51="",G51=0),"",ROUND((F51*1000)/G51,2)) | J51: =IF(OR(H51="",I51=""),"",IF(C51<28,"In Progress",IF(H51>=I51,"Pass","Fail - Non-Conforming")))
H52: =IF(OR(F52="",G52="",G52=0),"",ROUND((F52*1000)/G52,2)) | J52: =IF(OR(H52="",I52=""),"",IF(C52<28,"In Progress",IF(H52>=I52,"Pass","Fail - Non-Conforming")))

Sheet Reporting
A1: Reporting and Traceability
A3: Summary Metric | B3: Value
A4: Total samples registered | B4: =COUNTA(Registration!A5:A34) -> 20
A5: Total slump tests recorded | B5: =COUNTA('Slump Test'!A5:A34) -> 20
A6: Slump tests non-conforming | B6: =COUNTIF('Slump Test'!F5:F34,"No - Non-Conforming") -> 3
A7: Total compressive strength tests recorded | B7: =COUNT('Curing and Strength'!H5:H52) -> 38
A8: Compressive strength tests failed | B8: =COUNTIF('Curing and Strength'!J5:J52,"Fail - Non-Conforming") -> 3
A9: Compressive strength tests passed | B9: =COUNTIF('Curing and Strength'!J5:J52,"Pass") -> 17
A12: Non-Conformance Log (auto-flagged)
A13: Sheet | B13: Sample ID | C13: Issue | D13: Date Flagged
A14: Slump Test | B14: SMP-0004 | C14: Slump 95mm exceeds 90mm limit | D14: 2026-08-04
A15: Slump Test | B15: SMP-0013 | C15: Slump 96mm exceeds 90mm limit | D15: 2026-08-13
A16: Slump Test | B16: SMP-0020 | C16: Slump 91mm exceeds 90mm limit | D16: 2026-08-20
A17: Curing and Strength | B17: SMP-0008 | C17: 28-day compressive strength below acceptance limit | D17: 2026-09-05
A18: Curing and Strength | B18: SMP-0015 | C18: 28-day compressive strength below acceptance limit | D18: 2026-09-12
A19: Curing and Strength | B19: SMP-0018 | C19: 28-day compressive strength below acceptance limit | D19: 2026-09-15

Sheet Charts

Sheet Chart Data
A1: Curing Age (days) | B1: SMP-0001 | C1: SMP-0002 | D1: SMP-0003 | E1: SMP-0004 | F1: SMP-0005 | G1: SMP-0006
A2: 7 | B2: =SUMIFS('Curing and Strength'!$H$5:$H$52,'Curing and Strength'!$A$5:$A$52,B$1,'Curing and Strength'!$C$5:$C$52,$A2) -> 12.4 | C2: =SUMIFS('Curing and Strength'!$H$5:$H$52,'Curing and Strength'!$A$5:$A$52,C$1,'Curing and Strength'!$C$5:$C$52,$A2) -> 15.5 | D2: =SUMIFS('Curing and Strength'!$H$5:$H$52,'Curing and Strength'!$A$5:$A$52,D$1,'Curing and Strength'!$C$5:$C$52,$A2) -> 18.6 | E2: =SUMIFS('Curing and Strength'!$H$5:$H$52,'Curing and Strength'!$A$5:$A$52,E$1,'Curing and Strength'!$C$5:$C$52,$A2) -> 15.5 | F2: =SUMIFS('Curing and Strength'!$H$5:$H$52,'Curing and Strength'!$A$5:$A$52,F$1,'Curing and Strength'!$C$5:$C$52,$A2) -> 12.4 | G2: =SUMIFS('Curing and Strength'!$H$5:$H$52,'Curing and Strength'!$A$5:$A$52,G$1,'Curing and Strength'!$C$5:$C$52,$A2) -> 21.7
A3: 14 | B3: =SUMIFS('Curing and Strength'!$H$5:$H$52,'Curing and Strength'!$A$5:$A$52,B$1,'Curing and Strength'!$C$5:$C$52,$A3) -> 16.4 | C3: =SUMIFS('Curing and Strength'!$H$5:$H$52,'Curing and Strength'!$A$5:$A$52,C$1,'Curing and Strength'!$C$5:$C$52,$A3) -> 20.5 | D3: =SUMIFS('Curing and Strength'!$H$5:$H$52,'Curing and Strength'!$A$5:$A$52,D$1,'Curing and Strength'!$C$5:$C$52,$A3) -> 24.6 | E3: =SUMIFS('Curing and Strength'!$H$5:$H$52,'Curing and Strength'!$A$5:$A$52,E$1,'Curing and Strength'!$C$5:$C$52,$A3) -> 20.5 | F3: =SUMIFS('Curing and Strength'!$H$5:$H$52,'Curing and Strength'!$A$5:$A$52,F$1,'Curing and Strength'!$C$5:$C$52,$A3) -> 16.4 | G3: =SUMIFS('Curing and Strength'!$H$5:$H$52,'Curing and Strength'!$A$5:$A$52,G$1,'Curing and Strength'!$C$5:$C$52,$A3) -> 28.7
A4: 21 | B4: =SUMIFS('Curing and Strength'!$H$5:$H$52,'Curing and Strength'!$A$5:$A$52,B$1,'Curing and Strength'!$C$5:$C$52,$A4) -> 18.6 | C4: =SUMIFS('Curing and Strength'!$H$5:$H$52,'Curing and Strength'!$A$5:$A$52,C$1,'Curing and Strength'!$C$5:$C$52,$A4) -> 23.25 | D4: =SUMIFS('Curing and Strength'!$H$5:$H$52,'Curing and Strength'!$A$5:$A$52,D$1,'Curing and Strength'!$C$5:$C$52,$A4) -> 27.9 | E4: =SUMIFS('Curing and Strength'!$H$5:$H$52,'Curing and Strength'!$A$5:$A$52,E$1,'Curing and Strength'!$C$5:$C$52,$A4) -> 23.25 | F4: =SUMIFS('Curing and Strength'!$H$5:$H$52,'Curing and Strength'!$A$5:$A$52,F$1,'Curing and Strength'!$C$5:$C$52,$A4) -> 18.6 | G4: =SUMIFS('Curing and Strength'!$H$5:$H$52,'Curing and Strength'!$A$5:$A$52,G$1,'Curing and Strength'!$C$5:$C$52,$A4) -> 32.55
A5: 28 | B5: =SUMIFS('Curing and Strength'!$H$5:$H$52,'Curing and Strength'!$A$5:$A$52,B$1,'Curing and Strength'!$C$5:$C$52,$A5) -> 20.4 | C5: =SUMIFS('Curing and Strength'!$H$5:$H$52,'Curing and Strength'!$A$5:$A$52,C$1,'Curing and Strength'!$C$5:$C$52,$A5) -> 25.5 | D5: =SUMIFS('Curing and Strength'!$H$5:$H$52,'Curing and Strength'!$A$5:$A$52,D$1,'Curing and Strength'!$C$5:$C$52,$A5) -> 30.6 | E5: =SUMIFS('Curing and Strength'!$H$5:$H$52,'Curing and Strength'!$A$5:$A$52,E$1,'Curing and Strength'!$C$5:$C$52,$A5) -> 25.5 | F5: =SUMIFS('Curing and Strength'!$H$5:$H$52,'Curing and Strength'!$A$5:$A$52,F$1,'Curing and Strength'!$C$5:$C$52,$A5) -> 20.4 | G5: =SUMIFS('Curing and Strength'!$H$5:$H$52,'Curing and Strength'!$A$5:$A$52,G$1,'Curing and Strength'!$C$5:$C$52,$A5) -> 35.7
A7: Outcome | B7: Count
A8: Pass | B8: =Reporting!B9 -> 17
A9: Fail - Non-Conforming | B9: =Reporting!B8 -> 3
A10: In Progress | B10: =Reporting!B7-Reporting!B8-Reporting!B9 -> 18
A12: Test Type | B12: Non-Conforming Count
A13: Slump Test | B13: =Reporting!B6 -> 3
A14: Compressive Strength Test | B14: =Reporting!B8 -> 3
